customer_id,order_date,total_amount
1,2025-12-18,117.84
1,2025-12-12,48.72
1,2025-12-14,42.0
1,2025-12-22,133.94
1,2025-11-27,47.14
1,2025-12-30,32.47
1,2025-12-31,116.64
2,2025-12-31,26.82
3,2025-11-05,92.97
3,2025-11-19,32.77
3,2025-12-06,103.42
3,2025-11-21,35.6
3,2025-11-03,73.96
3,2025-11-16,104.21
4,2025-11-06,35.57
4,2025-11-12,111.64
4,2025-12-24,37.81
4,2025-12-29,143.06
4,2025-12-19,127.01
4,2025-12-24,31.92
5,2025-11-16,111.99
5,2025-11-19,89.42
5,2025-11-16,50.8
5,2025-12-16,61.05
5,2025-11-23,120.64
5,2025-12-27,54.95
6,2025-12-15,123.02
6,2025-11-29,77.42
6,2025-11-27,101.75
6,2025-11-15,69.18
6,2025-12-19,53.52
6,2025-11-06,145.34
6,2025-12-12,76.64
7,2025-12-09,72.81
7,2025-11-03,102.84
7,2025-11-18,46.91
7,2025-12-18,49.83
7,2025-12-08,148.43
7,2025-12-09,77.39
7,2025-12-25,30.66
8,2025-08-19,78.32
9,2025-11-22,93.2
10,2025-12-21,36.51
11,2025-12-28,391.84
11,2025-12-25,209.89
11,2025-12-30,288.89
11,2025-12-28,488.68
11,2025-12-30,404.31
11,2025-12-19,297.52
11,2025-12-24,384.27
11,2025-12-23,275.73
11,2025-12-14,112.57
11,2025-12-26,290.15
11,2025-12-29,463.03
11,2025-12-26,264.15
11,2025-12-22,181.22
11,2025-12-20,130.79
11,2025-12-14,164.49
11,2025-12-31,349.74
12,2025-12-27,84.78
12,2025-11-19,52.39
12,2025-12-03,135.99
12,2025-11-05,44.65
12,2025-12-08,68.16
12,2025-11-30,62.66
12,2025-12-06,81.25
13,2025-12-30,20.56
14,2025-11-26,113.09
14,2025-11-21,70.51
14,2025-12-18,50.19
15,2025-11-11,73.64
15,2025-11-14,60.47
15,2025-12-21,60.21
16,2025-11-26,64.18
16,2025-12-16,62.01
16,2025-12-31,90.32
17,2026-01-01,353.74
17,2025-12-31,312.37
17,2025-12-27,196.82
17,2025-12-29,132.34
17,2025-12-16,391.29
17,2025-12-28,352.92
17,2025-12-27,259.53
17,2025-12-17,419.34
17,2025-12-24,228.31
17,2025-12-27,378.33
17,2025-12-30,336.36
17,2025-12-29,106.64
17,2025-12-30,423.8
17,2025-12-13,358.07
18,2025-11-23,76.41
18,2025-12-15,130.53
18,2025-12-22,70.93
19,2025-12-23,203.18
19,2025-12-17,426.89
19,2025-12-13,311.86
19,2025-12-31,498.5
19,2025-12-21,323.32
19,2025-12-24,211.55
19,2025-12-14,390.38
19,2025-12-30,442.53
19,2026-01-01,356.81
19,2025-12-22,474.25
19,2025-12-29,459.42
19,2025-12-13,332.27
19,2025-12-17,140.59
19,2025-12-30,489.47
19,2025-12-15,164.32
19,2025-12-15,294.25
20,2025-11-22,51.11
20,2025-12-29,58.47
20,2025-12-12,51.46
20,2025-11-07,107.96
20,2025-12-26,116.51
20,2025-11-30,95.1
20,2025-11-04,74.13
21,2025-12-03,146.76
21,2025-11-18,88.41
21,2025-12-25,105.74
21,2025-11-29,72.01
21,2025-11-30,99.23
21,2025-11-30,53.43
21,2025-11-15,63.69
21,2025-11-28,122.23
22,2025-12-27,248.06
22,2025-12-24,481.23
22,2025-12-16,321.11
22,2025-12-30,492.13
22,2025-12-13,217.78
22,2026-01-01,226.77
22,2025-12-15,322.72
22,2025-12-30,328.02
22,2025-12-15,346.0
22,2025-12-31,201.67
22,2025-12-23,450.95
22,2025-12-16,439.47
22,2025-12-24,380.99
22,2025-12-17,321.13
23,2025-11-28,60.74
23,2025-12-09,139.59
23,2025-11-05,30.62
23,2025-11-27,125.8
24,2025-08-11,24.06
24,2025-09-09,47.04
24,2025-10-02,66.31
24,2025-12-01,66.26
25,2025-12-16,114.94
25,2025-12-27,221.31
25,2025-12-22,150.82
25,2026-01-01,431.15
25,2025-12-21,486.1
25,2025-12-26,134.14
25,2025-12-20,177.75
25,2025-12-18,379.8
25,2025-12-25,390.44
25,2025-12-20,487.81
25,2025-12-23,229.18
25,2025-12-16,259.53
25,2025-12-14,275.59
25,2025-12-28,173.73
25,2025-12-24,375.4
25,2026-01-01,169.32
25,2026-01-01,276.94
25,2025-12-17,173.15
26,2026-01-01,77.07
27,2025-10-25,68.94
27,2025-10-18,65.28
27,2025-07-07,80.63
28,2025-12-18,116.29
28,2025-12-19,491.8
28,2025-12-28,289.67
28,2025-12-17,422.77
28,2025-12-29,169.28
28,2025-12-28,259.4
28,2025-12-23,479.66
28,2025-12-29,118.12
28,2025-12-23,350.34
28,2026-01-01,315.75
28,2025-12-20,165.17
28,2025-12-17,356.97
28,2025-12-16,446.88
28,2025-12-13,330.19
29,2025-11-30,84.99
29,2025-11-12,128.48
29,2025-12-21,76.33
29,2025-11-30,108.18
29,2025-11-20,53.49
29,2025-12-20,55.75
30,2025-11-12,104.19
30,2025-12-10,38.54
30,2025-12-25,76.25
30,2025-12-23,32.79
30,2025-11-29,61.28
30,2025-12-26,44.18
30,2025-11-10,71.8
31,2025-12-25,62.78
32,2025-07-22,34.2
33,2025-07-09,78.53
33,2025-11-27,49.76
33,2025-09-28,47.26
33,2025-11-26,39.09
34,2025-09-25,28.25
34,2025-12-16,62.75
34,2025-10-10,86.12
35,2025-12-14,76.7
35,2025-12-21,145.02
35,2025-12-14,40.95
35,2025-12-26,144.82
35,2025-12-02,144.07
36,2025-12-17,83.81
36,2025-11-28,102.29
36,2025-11-11,110.7
36,2025-11-27,143.54
36,2025-12-17,124.75
36,2025-11-18,141.71
36,2025-11-05,36.91
36,2025-12-02,36.7
36,2025-11-28,136.52
37,2025-11-16,47.16
37,2025-12-23,130.44
37,2025-12-16,42.13
37,2025-12-26,81.13
38,2025-11-13,137.03
38,2025-12-31,39.76
38,2025-11-26,57.99
39,2026-01-01,135.64
39,2025-12-16,143.67
39,2025-12-08,101.03
39,2025-11-27,75.15
39,2025-12-02,87.8
39,2025-11-19,97.01
39,2025-12-06,59.85
40,2025-12-30,60.44
40,2025-11-13,86.24
40,2025-11-05,118.92
40,2025-12-25,44.1
40,2025-11-22,119.31
40,2025-12-30,100.0
40,2025-11-06,74.98
40,2025-11-14,39.95
41,2025-12-27,126.25
41,2025-11-18,146.39
41,2025-11-16,136.94
41,2025-11-09,140.96
41,2025-11-03,38.86
41,2025-11-28,113.45
41,2025-11-06,92.77
42,2025-08-12,56.36
42,2025-09-07,75.75
43,2025-11-06,139.83
43,2025-12-23,144.05
43,2025-12-25,77.34
43,2025-12-09,104.42
43,2025-12-25,50.36
43,2025-11-27,85.64
43,2025-11-05,57.53
43,2025-12-05,39.33
43,2025-11-22,61.19
44,2025-12-16,63.57
44,2025-11-10,127.66
44,2025-12-05,62.51
44,2025-12-20,139.31
44,2025-12-27,143.98
44,2025-12-28,103.61
44,2025-12-31,39.93
44,2025-12-03,133.93
44,2025-11-18,49.78
45,2026-01-01,87.64
45,2025-11-16,48.05
45,2025-12-12,119.95
45,2025-12-08,146.39
45,2025-12-06,98.29
45,2025-11-30,86.24
45,2025-11-28,46.06
45,2025-12-12,36.77
46,2026-01-01,49.73
47,2025-12-10,81.52
47,2025-07-21,80.57
47,2025-10-11,39.79
48,2026-01-01,144.49
48,2025-12-20,54.87
48,2026-01-01,110.6
48,2025-12-01,35.63
48,2025-12-02,43.63
48,2025-12-07,89.78
48,2025-11-09,122.68
48,2025-11-04,66.93
49,2025-08-22,27.07
49,2025-11-06,67.2
49,2025-11-16,53.64
49,2025-10-09,71.15
50,2025-07-20,69.38
50,2025-11-25,68.65
50,2025-10-12,51.38
51,2025-11-29,71.79
51,2025-11-25,84.11
51,2025-12-18,77.59
51,2025-11-08,92.83
51,2025-12-16,143.94
51,2025-12-29,85.12
51,2025-12-16,89.05
51,2025-11-03,37.95
51,2025-12-28,147.6
52,2025-11-20,99.56
52,2025-12-22,39.1
52,2025-11-06,85.21
52,2025-12-17,48.23
52,2025-11-09,113.72
52,2025-12-29,51.83
52,2025-11-07,79.4
53,2025-12-22,58.39
54,2025-11-12,34.9
54,2025-12-28,71.41
54,2025-11-21,51.24
54,2025-12-12,95.85
55,2025-12-07,137.31
55,2025-11-14,90.41
55,2025-11-18,68.59
55,2025-12-07,125.93
55,2025-11-06,112.53
55,2025-11-07,134.83
56,2025-12-20,15.17
57,2025-12-25,63.64
58,2025-11-16,74.46
58,2025-12-11,58.33
58,2025-12-05,74.27
58,2025-12-09,116.46
58,2025-12-07,34.4
58,2025-11-07,45.97
58,2025-12-30,137.42
58,2025-11-17,119.95
58,2025-11-03,42.86
59,2025-11-12,59.1
59,2025-12-08,118.49
59,2025-12-05,32.41
59,2025-11-06,130.89
59,2025-12-11,69.3
60,2025-12-20,337.44
60,2025-12-29,242.04
60,2025-12-24,299.38
60,2025-12-18,333.68
60,2025-12-31,323.1
60,2025-12-25,272.66
60,2025-12-14,251.51
60,2025-12-28,245.23
60,2025-12-31,197.74
60,2025-12-20,232.14
61,2025-12-28,21.62
62,2025-11-15,49.28
62,2025-12-22,40.55
62,2025-12-03,50.8
62,2025-11-08,131.08
62,2025-12-30,92.94
62,2025-11-23,113.64
62,2025-12-09,43.44
62,2025-12-31,99.12
62,2025-12-22,133.86
63,2025-09-30,33.67
64,2025-10-15,62.8
65,2025-11-19,54.61
65,2025-12-07,68.84
65,2025-12-14,53.94
65,2025-12-13,59.09
65,2025-11-16,114.87
65,2025-12-19,64.64
65,2025-11-26,90.73
66,2025-12-20,49.62
67,2025-12-23,319.44
67,2025-12-23,495.98
67,2025-12-20,373.83
67,2025-12-13,201.86
67,2025-12-28,101.08
67,2025-12-24,338.26
67,2025-12-27,264.74
67,2025-12-16,440.29
67,2025-12-21,263.41
67,2025-12-22,475.34
67,2025-12-21,251.69
68,2025-12-27,18.13
69,2025-09-19,80.04
69,2025-11-03,33.09
69,2025-07-21,85.17
70,2025-11-01,48.71
70,2025-11-21,51.4
71,2025-09-20,50.16
71,2025-07-07,69.93
71,2025-09-27,79.81
72,2025-12-16,137.95
72,2025-11-08,93.82
72,2025-11-10,138.78
73,2025-08-21,46.63
73,2025-07-07,46.79
73,2025-12-18,90.29
74,2025-11-24,98.78
74,2025-12-04,48.2
74,2025-11-30,114.84
74,2025-12-06,119.27
74,2025-12-29,98.39
74,2025-12-23,89.28
74,2025-12-23,71.05
74,2025-11-25,94.38
75,2025-12-09,102.47
75,2025-12-18,125.68
75,2025-12-28,88.36
75,2025-12-29,116.67
75,2025-12-31,31.46
75,2025-11-12,113.27
75,2025-11-27,115.94
76,2025-12-22,145.09
76,2025-11-23,100.01
76,2025-12-25,80.83
76,2025-12-07,143.67
76,2025-12-21,139.42
76,2025-11-23,90.71
77,2025-09-20,89.77
77,2025-09-24,93.5
77,2025-08-22,93.8
78,2025-10-02,49.95
78,2025-08-18,53.93
79,2025-11-22,94.05
79,2025-08-04,29.82
79,2025-09-23,98.79
79,2025-09-14,34.91
80,2025-10-31,44.92
81,2025-12-12,75.52
81,2025-11-10,70.22
81,2025-11-11,124.53
81,2025-12-07,70.02
81,2025-11-11,94.49
81,2025-12-22,140.76
81,2025-12-26,71.63
81,2025-11-29,140.21
81,2025-11-20,33.94
82,2025-12-27,26.47
83,2025-11-10,139.78
83,2025-11-14,123.66
83,2025-11-20,105.87
83,2025-12-05,55.52
83,2025-11-14,51.36
83,2025-12-13,85.08
83,2025-12-13,79.75
83,2025-12-05,94.21
84,2026-01-01,67.19
84,2025-12-03,120.0
84,2025-11-04,125.97
84,2025-12-01,86.19
84,2025-11-14,34.39
84,2025-12-03,130.39
84,2025-12-14,37.89
84,2025-12-19,115.69
84,2025-11-13,92.93
85,2025-12-03,97.16
85,2025-12-29,51.83
85,2025-12-04,39.06
85,2025-12-30,74.8
86,2025-11-29,79.05
86,2025-12-10,147.47
86,2025-12-01,115.92
86,2025-12-04,78.96
86,2025-11-06,56.64
86,2025-12-09,53.53
86,2025-12-25,42.49
86,2025-11-16,98.33
87,2025-12-21,30.48
88,2025-12-19,341.28
88,2025-12-19,432.09
88,2025-12-29,477.76
88,2025-12-19,217.26
88,2025-12-17,134.77
88,2025-12-23,134.2
88,2025-12-14,149.11
88,2025-12-14,333.22
88,2025-12-15,457.07
88,2025-12-18,349.9
88,2025-12-22,203.77
88,2025-12-31,245.22
88,2025-12-21,432.26
88,2025-12-28,263.76
88,2025-12-24,274.45
88,2025-12-21,187.8
88,2025-12-21,156.05
89,2025-12-25,79.05
90,2025-11-13,32.7
90,2025-12-19,119.0
90,2025-12-31,106.02
91,2025-12-11,130.19
91,2025-12-29,45.87
91,2025-12-04,50.6
91,2025-12-10,111.98
91,2025-12-27,139.72
91,2025-12-12,127.81
91,2025-11-22,62.89
91,2025-12-16,78.63
92,2025-12-10,42.79
92,2025-12-11,46.43
92,2025-11-06,61.98
92,2025-12-06,101.69
92,2025-12-21,105.97
92,2025-11-10,51.04
93,2025-12-23,41.28
94,2025-10-30,48.31
94,2025-11-09,79.04
95,2025-12-14,198.14
95,2025-12-22,215.48
95,2025-12-29,387.62
95,2025-12-26,344.16
95,2025-12-31,258.66
95,2025-12-28,293.5
95,2025-12-29,315.94
95,2025-12-14,338.03
95,2025-12-22,438.56
95,2025-12-20,161.87
95,2025-12-24,408.36
95,2025-12-24,130.06
95,2025-12-16,265.12
96,2025-11-21,56.77
96,2025-11-28,85.53
96,2025-09-16,75.58
96,2025-09-22,67.22
97,2025-11-04,140.08
97,2025-12-16,144.03
97,2025-11-08,92.56
97,2025-12-21,95.03
97,2025-12-09,121.01
97,2025-12-02,126.79
98,2025-12-08,92.27
98,2025-12-21,37.7
99,2025-12-20,58.54
100,2025-12-16,172.23
100,2025-12-26,113.58
100,2025-12-26,218.94
100,2025-12-17,146.11
100,2025-12-15,398.03
100,2025-12-13,437.82
100,2025-12-15,308.97
100,2025-12-26,114.8
100,2025-12-30,324.27
100,2025-12-20,130.78
100,2025-12-28,312.11
100,2025-12-21,328.97
100,2025-12-16,315.36
100,2025-12-20,350.36
100,2025-12-17,270.73
100,2025-12-21,193.18
101,2025-12-31,108.51
101,2025-12-20,311.57
101,2025-12-30,128.01
101,2025-12-19,240.28
101,2025-12-16,260.77
101,2025-12-21,351.0
101,2025-12-21,493.63
101,2025-12-23,136.68
101,2025-12-26,309.01
101,2026-01-01,195.51
101,2025-12-30,286.92
101,2025-12-15,218.52
101,2025-12-28,116.84
101,2026-01-01,464.14
101,2025-12-18,271.11
101,2025-12-16,256.65
101,2025-12-29,187.3
101,2025-12-28,414.54
101,2025-12-22,335.42
102,2025-12-18,76.41
103,2025-11-29,50.04
103,2025-11-11,37.8
103,2025-12-25,143.13
103,2025-11-09,102.93
103,2025-11-18,44.44
103,2025-11-20,51.18
103,2025-12-07,34.41
104,2025-12-25,37.76
105,2025-12-16,307.3
105,2025-12-13,497.96
105,2025-12-23,306.1
105,2025-12-15,378.41
105,2025-12-30,426.33
105,2025-12-27,349.17
105,2025-12-18,113.95
105,2025-12-29,332.03
105,2025-12-31,282.97
105,2025-12-30,209.18
105,2025-12-24,117.75
105,2025-12-31,444.85
105,2025-12-24,231.62
105,2025-12-28,394.09
105,2025-12-31,263.38
105,2025-12-18,102.03
106,2025-10-04,62.61
106,2025-11-26,37.61
106,2025-12-05,26.09
106,2025-10-13,24.92
107,2025-12-19,53.51
108,2025-11-23,74.24
108,2025-10-03,89.16
108,2025-11-30,90.29
108,2025-08-08,89.45
109,2025-11-04,49.25
109,2025-12-20,130.44
109,2025-12-08,141.61
109,2025-11-27,104.23
109,2025-11-25,52.71
110,2025-12-20,71.67
111,2025-12-23,151.55
111,2025-12-22,191.45
111,2025-12-26,164.3
111,2025-12-29,322.47
111,2025-12-20,302.99
111,2025-12-26,177.25
111,2025-12-20,346.77
111,2025-12-16,323.94
111,2025-12-25,203.92
111,2025-12-20,411.94
111,2025-12-27,213.34
111,2025-12-26,316.51
111,2025-12-31,236.75
111,2025-12-18,472.81
111,2025-12-29,169.5
111,2025-12-29,127.13
112,2025-12-21,38.08
112,2025-12-23,86.83
112,2025-12-11,104.51
113,2025-12-19,489.4
113,2025-12-21,399.86
113,2025-12-30,337.76
113,2025-12-21,109.83
113,2025-12-22,428.61
113,2025-12-18,295.46
113,2025-12-14,201.0
113,2025-12-31,209.45
113,2025-12-29,270.47
113,2025-12-20,441.68
113,2025-12-18,417.92
114,2025-12-01,26.59
114,2025-10-10,72.36
114,2025-12-06,89.44
114,2025-08-29,32.08
115,2025-11-16,80.37
115,2025-11-04,145.74
115,2025-12-14,62.91
115,2025-12-30,67.43
115,2025-11-05,137.29
115,2025-12-18,119.5
115,2025-11-28,33.74
116,2025-12-15,89.15
116,2025-12-06,97.46
116,2025-07-12,36.3
116,2025-10-01,82.13
117,2025-11-13,80.88
117,2025-08-24,83.74
118,2025-11-05,104.0
118,2025-11-17,85.45
118,2025-12-03,44.08
118,2025-12-16,102.88
118,2025-12-13,81.64
118,2025-11-25,57.06
119,2025-11-09,69.11
119,2025-12-31,125.71
119,2025-12-22,148.12
119,2025-12-16,31.39
119,2025-12-15,111.65
119,2025-12-15,87.59
119,2025-12-02,116.63
119,2025-12-22,113.4
120,2025-12-27,74.01
121,2025-10-06,31.67
121,2025-10-18,98.93
121,2025-07-26,21.47
122,2025-12-13,71.52
122,2025-11-23,31.17
122,2025-11-03,38.69
122,2025-11-30,40.54
122,2025-12-20,39.9
122,2025-12-20,39.43
123,2025-11-25,98.1
123,2025-11-17,113.18
123,2025-12-18,54.02
123,2025-11-08,110.45
124,2025-12-20,60.92
125,2025-12-24,120.79
125,2025-12-24,383.62
125,2025-12-25,478.94
125,2025-12-13,235.78
125,2025-12-26,364.33
125,2025-12-17,319.04
125,2025-12-30,116.3
125,2025-12-23,275.44
125,2025-12-15,124.14
125,2025-12-21,163.82
125,2025-12-20,346.3
125,2025-12-14,490.35
125,2025-12-29,397.71
125,2025-12-14,164.67
125,2025-12-27,387.68
126,2025-11-04,108.04
126,2025-12-23,78.39
126,2025-12-04,80.21
127,2025-12-21,50.9
127,2025-12-12,117.26
127,2025-12-09,81.06
127,2025-12-29,118.24
127,2025-12-13,90.58
127,2025-11-13,134.04
127,2025-12-01,100.57
127,2025-11-05,117.03
127,2025-11-27,134.81
128,2025-12-27,57.58
129,2025-12-23,74.3
130,2025-12-15,105.79
130,2025-12-18,58.3
130,2025-12-07,115.9
130,2025-11-15,102.22
130,2025-11-21,58.51
130,2025-12-19,91.51
130,2025-11-26,132.53
131,2025-11-09,134.49
131,2025-11-16,101.15
131,2025-11-24,73.11
131,2025-12-31,41.43
131,2025-12-16,76.93
131,2025-11-06,77.89
131,2025-11-28,108.81
131,2026-01-01,122.82
132,2025-12-18,193.87
132,2025-12-23,129.4
132,2025-12-19,232.36
132,2025-12-23,367.76
132,2025-12-24,272.36
132,2025-12-13,335.15
132,2025-12-21,382.71
132,2025-12-13,251.74
132,2025-12-22,394.56
132,2025-12-28,313.4
132,2025-12-16,437.67
132,2025-12-21,278.55
132,2025-12-18,447.31
132,2025-12-21,315.96
132,2025-12-13,207.9
132,2025-12-31,149.19
133,2025-12-04,106.8
133,2025-11-28,84.26
133,2025-11-10,40.63
133,2025-11-30,90.87
134,2025-12-13,494.65
134,2025-12-22,106.95
134,2025-12-15,489.24
134,2025-12-26,281.9
134,2025-12-18,308.69
134,2025-12-21,312.9
134,2025-12-20,157.42
134,2025-12-15,180.74
134,2025-12-25,487.96
134,2026-01-01,392.33
134,2025-12-27,447.26
134,2025-12-18,377.05
134,2025-12-22,373.3
134,2025-12-15,197.66
134,2025-12-25,445.84
134,2025-12-16,112.15
134,2025-12-25,418.2
134,2025-12-29,370.61
134,2025-12-14,476.35
135,2025-10-25,66.17
135,2025-10-31,98.17
135,2025-07-17,99.47
135,2025-12-20,82.59
136,2025-12-22,135.42
136,2025-11-25,69.24
136,2025-11-25,82.58
137,2025-12-20,66.86
138,2026-01-01,44.43
138,2025-11-09,107.89
138,2025-12-12,68.95
138,2025-12-21,103.18
138,2025-12-18,113.46
139,2025-11-30,58.51
139,2025-11-14,83.33
139,2025-11-25,38.78
140,2025-10-20,80.75
140,2025-12-24,50.38
141,2025-12-31,46.15
142,2025-12-21,159.6
142,2025-12-17,332.07
142,2025-12-21,290.68
142,2025-12-22,405.95
142,2025-12-27,398.75
142,2025-12-21,482.21
142,2025-12-20,428.96
142,2025-12-22,103.03
142,2025-12-18,128.51
142,2025-12-18,197.39
142,2025-12-22,252.03
142,2025-12-29,473.77
142,2025-12-14,140.57
142,2025-12-29,202.71
142,2025-12-13,368.04
142,2025-12-18,312.9
142,2025-12-25,224.52
142,2025-12-29,387.05
142,2025-12-31,209.05
143,2025-12-03,51.74
143,2025-12-02,133.13
143,2025-11-24,93.02
144,2025-07-16,34.82
144,2025-11-27,53.96
144,2025-09-06,84.48
144,2025-08-26,49.88
145,2025-11-04,30.31
145,2025-12-11,128.3
145,2025-12-11,101.22
145,2025-12-07,55.45
145,2025-12-23,50.97
145,2025-11-06,130.78
145,2025-12-25,122.39
145,2025-11-14,58.42
145,2025-11-26,66.25
146,2025-11-03,73.71
146,2025-10-05,27.64
146,2025-07-22,31.98
146,2025-10-25,33.44
147,2025-07-25,37.34
147,2025-08-05,21.89
148,2025-07-26,71.04
148,2025-10-16,70.56
148,2025-08-02,99.02
148,2025-11-28,67.76
149,2025-09-06,55.66
149,2025-07-17,75.39
150,2025-12-21,68.22
151,2025-11-21,92.44
151,2025-09-15,26.35
152,2025-12-29,176.75
152,2025-12-25,246.78
152,2025-12-27,242.0
152,2025-12-29,276.96
152,2025-12-31,367.84
152,2025-12-21,193.48
152,2025-12-25,452.03
152,2025-12-15,372.05
152,2025-12-21,229.73
152,2025-12-30,176.13
153,2025-12-27,323.11
153,2025-12-31,278.54
153,2025-12-13,124.06
153,2025-12-21,135.51
153,2025-12-28,170.12
153,2025-12-18,180.37
153,2025-12-17,263.79
153,2025-12-17,100.49
153,2025-12-17,365.96
153,2025-12-13,289.95
153,2025-12-20,147.93
154,2025-12-27,79.51
155,2025-12-21,30.84
156,2025-08-05,27.13
156,2025-12-01,30.22
156,2025-12-17,60.55
156,2025-08-13,29.41
157,2025-12-31,75.71
157,2025-12-31,142.43
157,2025-12-24,91.17
157,2025-12-30,77.64
157,2025-12-10,143.09
157,2025-12-15,91.88
157,2025-11-28,124.35
158,2025-11-26,76.93
158,2025-12-21,141.67
158,2025-11-21,94.77
158,2025-11-18,75.67
158,2025-12-09,93.9
158,2025-12-19,126.71
159,2025-12-19,26.47
159,2025-08-06,21.83
159,2025-10-03,75.6
159,2025-12-13,65.84
160,2025-12-31,23.61
161,2025-12-29,54.41
162,2025-12-19,169.94
162,2025-12-30,481.12
162,2025-12-27,158.55
162,2025-12-31,127.27
162,2025-12-31,302.44
162,2025-12-18,485.25
162,2025-12-21,486.33
162,2025-12-20,474.58
162,2025-12-13,275.8
162,2025-12-27,100.13
162,2025-12-22,347.84
162,2025-12-14,254.58
162,2025-12-28,412.3
162,2025-12-23,184.7
162,2025-12-22,401.7
163,2025-10-11,33.65
163,2025-08-06,29.71
163,2025-09-09,34.22
164,2025-12-29,70.66
165,2025-11-24,56.5
165,2025-12-04,104.87
165,2025-11-03,131.76
165,2025-11-13,45.69
165,2025-11-11,78.58
165,2025-11-28,74.13
165,2025-12-05,87.8
166,2025-12-11,145.66
166,2025-11-08,79.94
166,2025-12-06,80.23
166,2025-11-25,61.18
166,2025-12-23,111.72
166,2025-11-07,94.24
166,2026-01-01,68.82
167,2025-10-12,25.17
168,2025-12-30,206.34
168,2025-12-22,281.75
168,2025-12-13,206.41
168,2025-12-29,445.86
168,2025-12-17,394.94
168,2025-12-25,424.27
168,2025-12-13,443.83
168,2025-12-23,414.01
168,2025-12-20,153.26
168,2025-12-16,363.48
169,2025-12-31,43.44
170,2025-11-13,34.61
170,2025-11-03,123.74
170,2025-12-05,106.46
170,2025-11-29,76.36
171,2025-12-18,136.73
171,2025-12-10,92.21
171,2025-12-14,42.68
172,2025-12-26,59.21
173,2025-12-22,363.61
173,2025-12-14,128.5
173,2025-12-16,482.6
173,2025-12-25,241.3
173,2025-12-19,496.64
173,2025-12-13,409.86
173,2025-12-26,413.54
173,2025-12-14,169.64
173,2025-12-28,319.85
173,2025-12-25,206.02
173,2025-12-27,133.05
173,2025-12-17,487.14
173,2025-12-25,407.69
173,2025-12-24,252.78
173,2025-12-15,104.17
173,2025-12-29,346.01
173,2025-12-19,127.7
173,2025-12-15,228.89
174,2025-12-25,145.58
174,2025-12-20,332.97
174,2025-12-17,424.71
174,2025-12-31,151.24
174,2025-12-18,144.32
174,2025-12-15,189.85
174,2025-12-25,272.83
174,2025-12-15,477.23
174,2025-12-13,148.6
174,2025-12-14,454.77
174,2025-12-30,368.58
174,2025-12-26,438.61
174,2025-12-24,317.61
174,2025-12-20,188.43
174,2025-12-25,399.28
174,2025-12-19,410.58
174,2025-12-21,121.54
174,2025-12-22,207.73
174,2025-12-20,165.93
174,2025-12-18,136.75
175,2025-12-18,47.88
176,2025-12-11,63.38
177,2025-11-09,97.8
177,2025-12-04,41.25
177,2025-11-19,106.35
177,2025-11-26,49.21
177,2025-11-21,96.97
178,2025-12-28,90.52
178,2025-08-23,27.93
178,2025-10-30,84.01
178,2025-12-23,79.39
179,2025-07-31,75.03
179,2025-09-12,82.7
179,2025-07-22,20.42
180,2025-12-21,79.66
180,2025-12-19,79.96
181,2025-10-19,80.5
181,2025-10-24,90.13
181,2025-09-23,29.98
181,2025-09-13,55.89
182,2025-08-01,51.32
182,2025-11-09,75.65
182,2025-08-06,22.33
182,2025-07-12,48.44
183,2025-12-16,67.06
183,2025-12-29,60.81
183,2025-12-30,25.19
183,2025-10-14,38.04
184,2025-12-09,74.12
184,2025-10-12,68.17
184,2025-11-03,45.77
184,2025-10-31,26.16
185,2025-12-27,183.94
185,2025-12-29,306.91
185,2025-12-17,249.39
185,2025-12-16,273.61
185,2025-12-15,248.57
185,2025-12-16,339.29
185,2025-12-18,499.34
185,2025-12-20,169.39
185,2025-12-27,354.47
185,2025-12-17,171.3
185,2025-12-18,263.96
185,2025-12-19,398.89
185,2025-12-26,328.75
185,2025-12-17,181.17
185,2025-12-13,244.89
185,2025-12-15,166.12
185,2025-12-22,109.68
185,2025-12-20,379.07
185,2025-12-20,413.03
186,2025-12-19,190.22
186,2025-12-28,436.77
186,2025-12-28,292.36
186,2025-12-23,474.94
186,2025-12-29,153.39
186,2025-12-29,119.94
186,2025-12-26,298.58
186,2026-01-01,412.09
186,2025-12-29,406.21
186,2025-12-19,344.09
186,2025-12-13,362.78
186,2025-12-29,105.36
187,2025-12-03,34.35
187,2025-12-26,59.64
187,2025-12-05,124.46
187,2025-12-23,62.63
188,2025-10-24,25.23
188,2025-11-18,88.25
189,2025-12-22,155.7
189,2025-12-29,226.08
189,2025-12-26,134.57
189,2025-12-18,108.73
189,2025-12-22,485.36
189,2025-12-18,452.85
189,2025-12-23,431.15
189,2025-12-19,392.33
189,2025-12-15,157.99
189,2025-12-28,326.13
189,2025-12-14,223.48
190,2025-12-21,37.72
191,2025-12-29,267.2
191,2025-12-26,373.5
191,2026-01-01,309.36
191,2025-12-31,261.59
191,2025-12-22,127.07
191,2025-12-16,317.42
191,2025-12-27,190.46
191,2025-12-31,293.88
191,2025-12-28,478.28
191,2025-12-17,186.44
191,2025-12-23,284.92
192,2025-11-24,95.45
192,2025-12-09,124.44
192,2025-11-25,126.77
192,2025-12-23,147.37
192,2025-11-12,124.35
192,2025-12-01,61.03
192,2025-12-13,95.38
193,2025-08-12,36.39
193,2025-10-15,90.37
193,2025-10-02,40.44
193,2025-08-30,56.1
194,2025-12-23,51.27
195,2025-12-30,139.11
195,2025-11-30,76.89
195,2025-11-28,42.66
195,2025-11-11,84.2
195,2025-11-04,75.65
195,2025-12-14,82.93
195,2025-12-22,54.45
195,2025-12-23,41.28
196,2025-11-27,63.17
196,2025-12-25,125.75
196,2025-11-16,53.5
197,2025-12-31,25.27
198,2025-08-25,45.34
198,2025-08-24,49.05
198,2025-12-06,42.15
198,2025-11-23,60.56
199,2025-12-25,137.28
199,2025-11-03,128.45
199,2025-11-26,82.84
199,2025-12-27,146.13
199,2025-12-14,135.89
199,2025-12-21,118.77
199,2025-11-08,146.06
199,2025-11-18,148.09
199,2025-12-12,117.02
200,2025-11-25,147.57
200,2025-11-04,49.47
200,2025-12-06,112.42
200,2025-12-30,93.29
200,2025-12-08,128.76
200,2025-12-07,39.53
201,2025-12-24,85.53
202,2025-11-03,67.72
202,2025-12-22,138.16
202,2025-11-19,85.11
202,2025-12-12,60.52
202,2025-12-11,129.39
203,2025-11-15,115.44
203,2025-11-07,40.46
203,2025-11-30,58.78
203,2025-11-11,138.64
204,2025-11-05,69.1
204,2025-12-10,69.67
205,2025-11-19,86.55
205,2025-12-18,60.48
205,2025-11-30,45.15
205,2025-12-17,42.76
205,2025-11-28,112.36
205,2025-12-05,111.8
205,2025-12-27,132.69
206,2025-12-10,39.25
206,2025-12-30,113.3
206,2025-12-08,55.86
206,2025-12-18,55.52
206,2025-11-28,121.58
206,2025-11-10,108.38
206,2025-12-19,138.43
206,2025-12-16,121.93
206,2025-11-28,37.09
207,2025-12-30,73.97
208,2025-10-03,51.18
208,2025-11-17,56.83
208,2025-09-24,50.53
209,2025-12-19,291.63
209,2025-12-16,116.81
209,2025-12-19,467.23
209,2025-12-17,383.08
209,2025-12-19,464.31
209,2025-12-23,379.73
209,2025-12-13,492.72
209,2025-12-19,390.67
209,2025-12-14,449.1
209,2025-12-19,187.38
209,2025-12-29,138.61
209,2025-12-24,104.96
210,2025-12-19,101.8
210,2025-11-28,57.16
210,2025-12-19,119.18
211,2025-12-25,450.9
211,2025-12-19,236.16
211,2025-12-17,195.8
211,2025-12-16,214.12
211,2025-12-21,333.12
211,2025-12-19,442.28
211,2025-12-28,200.92
211,2025-12-28,339.59
211,2026-01-01,395.03
211,2025-12-24,463.85
211,2025-12-29,447.42
211,2025-12-31,451.59
211,2026-01-01,110.06
212,2025-10-18,92.85
212,2025-07-12,81.91
212,2025-09-19,47.27
212,2025-11-11,55.47
213,2025-11-25,67.34
213,2025-07-29,71.17
213,2025-11-08,60.99
214,2025-12-21,295.07
214,2025-12-21,480.21
214,2025-12-31,289.16
214,2025-12-24,302.51
214,2025-12-27,128.37
214,2025-12-15,244.74
214,2025-12-21,341.63
214,2025-12-25,195.54
214,2025-12-23,488.61
214,2025-12-20,292.82
214,2025-12-25,287.9
214,2025-12-17,212.27
214,2025-12-16,306.63
214,2025-12-27,441.65
214,2025-12-16,187.63
215,2025-12-26,421.03
215,2025-12-16,187.4
215,2025-12-23,217.4
215,2025-12-24,258.81
215,2025-12-28,213.82
215,2025-12-16,145.54
215,2025-12-14,451.95
215,2025-12-24,111.87
215,2025-12-22,117.94
215,2025-12-22,152.6
216,2025-11-23,80.62
216,2025-12-21,135.87
216,2025-11-10,60.98
217,2025-11-18,77.47
218,2025-12-28,15.1
219,2025-07-28,40.61
219,2025-07-09,68.3
219,2025-10-12,40.54
220,2025-08-28,73.01
221,2025-12-13,460.13
221,2025-12-21,132.07
221,2025-12-18,399.94
221,2025-12-31,367.43
221,2025-12-24,358.58
221,2025-12-14,337.46
221,2025-12-23,300.86
221,2025-12-14,465.31
221,2025-12-26,449.48
221,2025-12-13,355.15
221,2025-12-31,312.0
221,2025-12-30,313.59
221,2025-12-25,428.01
221,2025-12-24,268.81
221,2025-12-30,279.54
221,2025-12-20,259.75
221,2025-12-28,149.2
222,2025-12-08,117.5
222,2025-11-06,38.09
222,2025-12-12,113.1
222,2025-12-15,78.47
222,2025-11-18,63.05
222,2025-11-10,133.41
222,2025-12-03,83.57
222,2025-11-29,76.11
222,2025-12-30,132.91
223,2025-12-18,21.43
224,2025-12-23,39.05
225,2025-12-26,304.67
225,2025-12-28,358.3
225,2025-12-28,456.04
225,2026-01-01,478.66
225,2025-12-14,110.18
225,2025-12-15,354.76
225,2025-12-22,254.35
225,2025-12-22,224.49
225,2025-12-27,438.86
225,2025-12-25,245.84
226,2025-11-25,84.48
226,2025-12-29,50.08
226,2025-11-13,88.27
226,2025-11-07,147.29
226,2025-12-30,145.68
226,2025-12-29,41.92
227,2025-12-06,49.2
227,2025-11-13,67.58
227,2025-12-18,88.54
227,2025-11-21,138.01
227,2025-11-26,144.71
228,2025-12-27,102.35
228,2025-11-03,95.45
228,2025-12-04,64.61
228,2025-11-16,48.19
228,2025-12-16,76.26
228,2025-11-15,122.82
228,2025-12-28,48.5
228,2025-11-14,93.87
228,2025-11-18,121.43
229,2025-08-24,44.19
229,2025-07-26,76.72
229,2025-10-09,47.4
230,2025-12-22,96.93
230,2025-11-12,49.83
230,2025-12-09,149.97
230,2025-12-20,105.15
230,2025-12-22,54.88
230,2025-12-16,118.15
231,2025-11-06,125.1
231,2025-12-14,54.16
231,2025-12-12,47.76
231,2025-12-28,87.07
231,2025-11-27,138.83
231,2025-12-06,139.13
231,2025-12-22,72.42
231,2025-11-16,134.4
232,2025-12-26,149.93
232,2025-12-16,372.3
232,2025-12-24,450.84
232,2025-12-21,487.84
232,2025-12-14,285.07
232,2025-12-17,137.47
232,2025-12-13,445.42
232,2025-12-29,214.31
232,2026-01-01,325.08
232,2025-12-18,342.3
232,2025-12-14,330.91
232,2025-12-14,457.78
232,2025-12-15,277.38
232,2025-12-18,405.81
232,2025-12-29,422.64
232,2025-12-30,180.19
232,2025-12-24,123.79
232,2025-12-20,275.66
232,2025-12-16,219.37
232,2025-12-25,124.98
233,2025-12-22,17.0
234,2025-12-20,75.21
235,2025-12-22,448.82
235,2025-12-23,153.77
235,2025-12-17,427.92
235,2025-12-24,211.5
235,2025-12-18,496.22
235,2025-12-15,370.73
235,2025-12-16,135.92
235,2025-12-26,117.66
235,2025-12-29,433.66
235,2026-01-01,127.61
235,2025-12-20,401.37
235,2025-12-28,428.77
235,2025-12-24,406.45
235,2025-12-29,380.01
235,2025-12-25,259.64
236,2025-08-27,74.99
236,2025-09-22,44.49
237,2025-11-03,99.24
237,2025-12-01,38.68
237,2025-12-14,92.71
237,2025-12-17,111.81
237,2025-12-16,90.07
237,2025-11-21,59.07
237,2025-11-25,36.03
237,2025-12-31,115.21
238,2025-11-29,42.48
238,2025-08-19,43.4
238,2025-09-04,52.41
239,2025-12-20,52.91
240,2025-07-28,98.32
241,2025-12-14,71.83
242,2025-12-23,334.35
242,2025-12-25,321.86
242,2025-12-13,373.05
242,2025-12-19,285.27
242,2025-12-19,429.01
242,2025-12-18,321.0
242,2025-12-29,157.15
242,2025-12-25,208.56
242,2025-12-19,452.8
242,2025-12-31,388.69
243,2025-12-18,42.33
243,2025-11-14,91.34
243,2025-12-07,115.8
244,2025-12-10,99.99
244,2025-12-25,30.46
244,2025-12-28,142.85
245,2026-01-01,151.97
245,2025-12-24,437.08
245,2025-12-21,328.72
245,2025-12-15,456.75
245,2025-12-20,268.95
245,2025-12-27,250.93
245,2025-12-21,370.06
245,2025-12-16,374.81
245,2026-01-01,472.07
245,2025-12-23,155.65
245,2025-12-22,366.55
245,2026-01-01,211.38
245,2025-12-22,480.31
245,2025-12-18,477.59
245,2025-12-24,142.15
245,2025-12-14,353.74
245,2025-12-28,119.27
245,2025-12-28,299.43
245,2025-12-26,300.16
245,2025-12-24,290.39
246,2025-12-21,101.15
246,2025-12-26,407.03
246,2025-12-15,320.83
246,2025-12-29,440.14
246,2025-12-17,248.46
246,2025-12-27,288.91
246,2026-01-01,418.5
246,2025-12-20,114.38
246,2025-12-24,154.64
246,2025-12-26,150.29
246,2025-12-30,226.25
246,2025-12-21,120.88
247,2025-10-29,91.22
247,2025-12-20,24.65
248,2025-12-21,139.95
248,2025-12-23,105.88
248,2025-12-28,464.43
248,2025-12-31,107.73
248,2025-12-29,479.54
248,2025-12-30,297.15
248,2025-12-18,232.1
248,2025-12-21,338.05
248,2025-12-22,451.06
248,2025-12-27,404.92
248,2025-12-17,409.17
248,2025-12-25,152.61
248,2025-12-21,150.22
248,2025-12-23,408.06
248,2025-12-24,148.08
248,2025-12-27,274.2
248,2026-01-01,395.61
248,2025-12-26,239.24
248,2025-12-21,100.54
249,2025-12-20,146.9
249,2025-11-16,111.07
249,2025-12-01,137.83
249,2025-11-30,102.74
249,2025-11-07,84.96
249,2025-12-11,48.28
250,2025-12-20,29.84
251,2025-12-20,119.69
251,2025-12-10,110.6
251,2025-12-29,144.93
251,2025-12-24,58.7
251,2025-11-07,148.96
251,2025-11-13,107.35
252,2025-11-22,54.6
252,2025-12-07,53.5
252,2025-11-21,137.53
252,2025-12-08,123.76
252,2025-11-18,63.15
252,2025-12-20,127.33
252,2025-11-23,138.77
252,2025-12-02,110.9
253,2025-11-16,140.1
253,2025-12-09,117.0
253,2025-11-06,136.82
254,2025-12-07,31.78
254,2025-12-28,59.78
255,2025-11-30,144.95
255,2025-12-06,121.33
255,2025-12-01,90.07
255,2025-12-12,145.48
255,2025-12-27,62.96
255,2025-12-11,121.3
255,2025-12-19,95.59
255,2025-12-20,85.03
256,2025-12-04,87.76
256,2025-11-18,36.0
256,2025-11-30,46.44
256,2025-12-22,125.18
256,2025-12-22,77.02
256,2025-11-19,145.28
256,2025-12-17,106.38
256,2025-11-03,149.38
257,2025-10-18,40.76
257,2025-10-05,93.55
258,2025-11-09,31.56
258,2025-12-27,52.81
258,2025-11-12,117.85
258,2025-11-29,113.8
258,2025-11-20,92.58
258,2025-12-31,146.05
258,2025-12-25,49.4
258,2025-12-25,122.77
259,2026-01-01,84.99
259,2025-12-16,49.52
259,2025-12-09,121.63
259,2025-12-04,89.87
259,2025-12-24,130.25
259,2025-11-27,72.84
259,2025-12-05,57.44
259,2025-11-20,35.53
260,2025-10-28,61.17
260,2025-07-10,27.63
260,2025-09-23,39.66
260,2025-10-01,58.47
261,2025-12-24,32.3
261,2025-07-31,96.39
262,2025-12-04,87.79
262,2025-12-30,77.09
262,2025-11-10,33.91
263,2025-12-19,348.82
263,2025-12-20,200.4
263,2025-12-13,329.54
263,2025-12-15,362.65
263,2025-12-15,460.89
263,2025-12-20,489.75
263,2025-12-23,435.93
263,2025-12-24,115.57
263,2026-01-01,170.09
263,2025-12-31,371.82
263,2025-12-24,480.18
263,2025-12-28,387.66
263,2025-12-14,271.0
263,2025-12-21,403.51
263,2025-12-14,157.53
263,2025-12-26,457.64
264,2025-12-25,41.06
265,2025-09-18,91.11
265,2025-09-08,36.36
265,2025-08-19,34.89
266,2025-11-17,54.85
266,2025-11-06,73.72
266,2025-11-05,142.89
266,2025-11-26,85.2
266,2025-11-16,127.31
266,2025-11-23,35.72
266,2025-11-27,113.23
266,2025-12-09,72.31
266,2025-12-29,48.19
267,2025-12-26,17.95
268,2025-12-28,77.02
268,2025-11-10,121.87
268,2025-11-06,100.85
268,2025-11-03,92.7
268,2025-11-26,116.78
268,2025-11-23,57.14
268,2025-11-25,31.21
269,2025-12-11,117.52
269,2025-12-05,67.21
269,2025-11-12,109.57
269,2025-11-16,79.91
269,2025-12-20,80.72
270,2025-11-26,115.51
270,2025-12-06,62.57
270,2025-11-06,74.51
270,2025-11-04,149.95
270,2025-11-27,148.18
270,2025-11-07,121.5
270,2025-11-09,100.88
270,2025-11-14,75.68
271,2025-12-23,32.48
271,2025-11-29,123.68
271,2025-12-24,62.26
271,2025-12-01,35.09
272,2025-11-15,65.59
272,2025-12-08,45.59
272,2025-11-26,42.3
272,2026-01-01,115.02
272,2025-11-12,74.31
272,2025-11-22,83.86
273,2025-12-01,41.79
273,2025-12-27,140.52
273,2025-12-10,45.02
273,2025-11-06,62.89
273,2025-11-04,36.23
273,2025-12-24,71.44
273,2025-12-27,109.82
273,2025-11-10,132.78
273,2025-11-14,117.25
274,2026-01-01,67.44
274,2025-12-07,49.56
274,2025-12-01,76.47
274,2025-12-29,76.12
274,2025-12-14,123.86
274,2025-11-28,31.37
274,2025-11-05,103.91
274,2025-11-29,82.52
274,2025-12-29,97.08
275,2025-11-06,94.11
275,2025-11-23,36.2
275,2026-01-01,67.06
275,2025-12-17,133.52
275,2025-12-20,145.38
275,2025-11-28,144.3
275,2025-12-17,45.81
275,2025-12-23,127.05
276,2025-08-04,45.32
276,2025-12-11,73.82
276,2025-10-22,40.04
276,2025-09-05,65.74
277,2025-07-07,20.97
277,2025-10-22,24.15
277,2025-09-11,21.58
278,2025-12-06,79.4
278,2025-12-27,70.09
278,2025-11-06,135.36
278,2025-12-28,38.2
278,2025-11-04,72.7
278,2025-11-13,81.93
278,2025-12-14,111.3
279,2025-12-29,492.82
279,2025-12-13,368.59
279,2025-12-18,146.48
279,2025-12-14,414.11
279,2025-12-13,211.14
279,2025-12-15,476.51
279,2025-12-24,492.15
279,2025-12-23,171.75
279,2025-12-27,319.11
279,2025-12-24,395.15
279,2025-12-13,269.09
279,2025-12-16,259.04
279,2025-12-30,182.13
279,2025-12-30,207.41
279,2025-12-23,375.91
279,2025-12-22,338.14
280,2025-11-25,38.2
280,2025-11-22,41.05
280,2025-11-19,84.96
280,2025-11-28,107.82
280,2025-12-03,107.0
280,2025-12-11,145.8
280,2025-12-18,97.64
280,2025-12-24,114.8
280,2025-11-15,100.03
281,2025-11-03,30.24
281,2025-12-29,143.61
281,2025-12-07,83.89
281,2025-11-10,143.37
281,2025-12-11,142.69
282,2025-12-29,380.46
282,2025-12-20,263.26
282,2025-12-16,254.25
282,2025-12-26,201.24
282,2025-12-29,475.86
282,2025-12-23,259.61
282,2025-12-20,346.9
282,2025-12-27,490.8
282,2025-12-16,299.22
282,2025-12-15,137.05
282,2025-12-18,203.48
282,2025-12-24,275.35
282,2025-12-14,335.78
282,2025-12-16,318.75
282,2025-12-24,196.81
282,2025-12-13,181.61
282,2025-12-26,179.71
283,2025-12-29,15.89
284,2025-11-17,62.5
284,2025-11-15,139.34
284,2025-12-22,85.07
285,2025-07-25,73.83
285,2025-10-12,49.78
286,2025-11-25,75.99
286,2025-11-27,141.93
286,2025-12-20,124.41
286,2025-12-30,104.01
287,2025-10-03,61.72
287,2025-07-07,81.66
287,2025-10-21,36.5
287,2025-09-17,63.07
288,2025-11-30,137.44
288,2025-12-24,34.2
288,2025-11-04,84.52
288,2025-11-05,59.81
288,2025-11-03,130.04
288,2025-11-23,83.11
289,2025-10-15,25.12
290,2025-08-16,67.91
290,2025-12-29,67.22
291,2025-11-09,33.4
291,2025-12-05,42.65
291,2025-11-08,115.56
291,2025-11-25,108.62
291,2026-01-01,140.88
292,2025-12-16,174.26
292,2025-12-15,452.68
292,2025-12-20,430.6
292,2025-12-14,144.17
292,2025-12-28,103.19
292,2025-12-21,199.98
292,2025-12-23,314.22
292,2025-12-13,449.05
292,2025-12-20,223.12
292,2025-12-28,230.7
292,2025-12-23,249.41
292,2025-12-26,192.71
292,2025-12-16,141.03
292,2025-12-24,131.06
293,2025-08-05,61.73
293,2025-12-28,74.16
293,2025-10-18,88.7
294,2025-08-28,68.84
295,2025-12-10,51.51
295,2025-11-17,76.18
295,2025-11-15,44.11
295,2025-12-16,118.88
295,2025-12-12,116.25
295,2025-12-27,124.73
295,2025-12-03,49.36
296,2025-12-22,392.97
296,2025-12-14,196.61
296,2025-12-23,353.86
296,2025-12-14,188.94
296,2025-12-24,184.76
296,2025-12-22,198.14
296,2025-12-18,256.41
296,2025-12-14,234.27
296,2025-12-25,494.5
296,2025-12-24,266.31
297,2025-12-30,113.57
297,2025-11-16,120.43
297,2025-12-04,90.01
297,2025-11-12,95.6
297,2026-01-01,105.77
298,2025-11-15,102.68
298,2025-12-04,82.69
298,2025-12-09,113.05
298,2025-12-26,43.71
298,2025-12-07,137.48
298,2025-12-26,122.76
298,2025-11-24,80.31
299,2025-12-22,127.62
299,2025-12-30,324.27
299,2025-12-22,375.45
299,2025-12-17,103.99
299,2025-12-24,314.26
299,2026-01-01,286.02
299,2025-12-17,181.37
299,2025-12-21,233.45
299,2025-12-24,312.63
299,2025-12-14,428.24
300,2025-12-30,31.6
300,2025-11-17,76.54
300,2025-11-23,31.86
300,2025-11-15,54.95
300,2025-12-25,135.28
300,2025-12-21,51.81
300,2025-11-23,146.17
300,2025-12-05,95.47
300,2025-11-14,38.89
301,2025-11-09,82.02
301,2025-12-04,97.09
301,2025-12-04,83.57
301,2025-12-30,72.06
301,2025-11-23,38.25
301,2025-12-29,85.71
301,2025-11-11,35.44
302,2025-12-03,56.12
302,2025-11-14,74.79
302,2025-12-02,126.54
302,2025-11-07,95.81
302,2025-12-08,99.72
303,2025-11-26,92.53
303,2025-11-24,111.3
303,2025-11-11,46.84
303,2025-11-26,54.87
304,2025-10-23,73.0
304,2025-08-28,91.23
304,2025-07-29,32.69
305,2025-12-30,81.98
305,2025-12-07,136.7
305,2025-11-26,95.0
305,2025-11-21,66.83
305,2025-12-20,115.53
305,2025-12-17,54.27
305,2025-11-04,52.24
305,2025-11-18,55.79
305,2025-12-03,134.24
306,2025-10-14,26.16
306,2025-12-31,30.69
306,2025-09-09,85.75
307,2025-09-11,41.76
307,2025-11-25,62.66
307,2025-07-20,79.86
307,2025-11-02,45.96
308,2025-12-12,113.36
308,2025-12-20,108.57
308,2025-12-26,61.76
308,2025-11-24,123.21
308,2025-12-18,123.36
308,2025-12-10,148.0
309,2025-09-23,79.83
309,2025-07-25,54.59
310,2025-12-27,266.1
310,2025-12-30,429.73
310,2025-12-19,366.74
310,2025-12-27,271.59
310,2025-12-19,455.25
310,2025-12-25,394.49
310,2025-12-26,498.46
310,2025-12-27,137.73
310,2025-12-25,199.6
310,2025-12-27,137.97
310,2025-12-13,461.24
310,2025-12-23,102.29
310,2025-12-30,328.46
310,2025-12-17,264.48
310,2025-12-16,484.46
311,2025-12-28,65.94
312,2025-11-03,108.52
312,2025-11-28,31.89
312,2025-12-02,121.72
312,2025-11-13,114.74
312,2025-11-27,34.67
312,2025-12-18,91.4
312,2025-11-05,97.61
312,2025-12-17,79.78
312,2025-12-23,76.87
313,2025-12-22,370.45
313,2025-12-22,331.54
313,2025-12-17,338.74
313,2025-12-22,471.66
313,2025-12-28,353.23
313,2025-12-28,498.25
313,2025-12-21,297.66
313,2025-12-16,284.47
313,2025-12-27,337.26
313,2025-12-22,479.68
313,2025-12-15,244.97
313,2025-12-15,144.03
314,2025-12-21,47.52
315,2025-10-05,71.89
315,2025-08-05,32.5
315,2025-10-30,84.82
316,2025-12-11,84.62
316,2025-11-16,84.35
316,2025-11-17,50.37
316,2025-12-13,112.25
316,2025-11-30,103.16
316,2025-11-20,84.43
317,2025-12-03,139.23
317,2025-12-05,88.62
317,2025-12-03,135.79
317,2025-12-31,98.71
317,2025-11-25,107.11
317,2025-11-09,99.98
318,2025-12-11,114.32
318,2025-12-04,80.8
318,2025-12-03,139.88
318,2025-12-13,135.72
318,2025-12-17,112.88
319,2025-11-04,136.33
319,2025-11-15,75.05
319,2025-12-10,64.38
319,2025-12-24,149.67
319,2025-12-13,55.95
319,2025-12-16,104.72
319,2025-11-08,104.28
320,2025-12-28,19.06
321,2025-11-10,147.04
321,2025-11-14,110.32
321,2025-11-21,142.56
321,2025-12-14,96.23
321,2025-11-29,38.52
321,2025-11-19,50.17
321,2025-11-04,86.29
321,2025-11-25,143.09
321,2025-12-01,50.1
322,2025-12-28,403.72
322,2025-12-25,145.77
322,2025-12-21,211.35
322,2025-12-25,182.91
322,2025-12-25,187.88
322,2025-12-23,202.59
322,2025-12-16,241.48
322,2025-12-20,125.03
322,2025-12-28,168.05
322,2025-12-29,158.77
322,2025-12-27,445.86
322,2025-12-31,431.73
323,2025-09-28,32.48
323,2025-12-23,60.44
324,2025-12-21,209.46
324,2025-12-16,276.7
324,2025-12-23,428.95
324,2025-12-23,212.77
324,2025-12-31,283.37
324,2025-12-20,238.82
324,2025-12-15,366.88
324,2025-12-25,365.68
324,2025-12-23,225.55
324,2025-12-26,325.02
324,2025-12-24,476.17
324,2025-12-15,288.35
325,2025-07-14,74.96
325,2025-10-23,29.36
325,2025-11-15,52.54
325,2025-11-24,56.32
326,2025-08-14,91.19
326,2025-08-21,65.42
327,2025-12-19,107.37
327,2025-12-29,146.43
327,2025-12-25,74.66
327,2025-12-01,63.53
328,2025-12-30,187.48
328,2025-12-20,262.62
328,2025-12-17,214.28
328,2025-12-27,487.97
328,2025-12-25,248.47
328,2025-12-27,249.82
328,2025-12-30,475.56
328,2025-12-21,322.71
328,2025-12-28,170.05
328,2025-12-24,201.06
328,2025-12-13,199.87
328,2025-12-29,100.26
328,2025-12-23,417.04
328,2025-12-13,250.61
328,2025-12-16,160.82
328,2026-01-01,321.73
328,2025-12-20,137.51
329,2025-12-06,34.81
329,2025-11-17,103.19
329,2025-11-04,58.58
329,2025-11-04,100.79
330,2025-12-17,346.1
330,2025-12-15,305.17
330,2025-12-26,474.07
330,2025-12-15,259.15
330,2025-12-15,168.28
330,2025-12-17,236.16
330,2025-12-25,190.7
330,2025-12-18,464.24
330,2025-12-23,409.42
330,2025-12-13,211.39
330,2025-12-13,471.35
330,2025-12-18,164.27
330,2025-12-30,401.49
330,2025-12-17,194.99
330,2025-12-18,286.27
330,2025-12-20,144.64
330,2025-12-25,212.42
330,2025-12-21,251.9
331,2025-09-09,80.06
331,2025-07-15,72.12
332,2025-12-04,132.78
332,2025-11-23,141.5
332,2025-12-27,73.91
332,2025-11-25,32.3
333,2025-07-09,38.75
333,2025-08-16,43.4
334,2025-11-23,141.98
334,2025-12-05,101.68
334,2025-12-27,111.42
334,2025-11-25,65.48
335,2025-09-09,60.51
336,2025-11-20,70.77
336,2025-12-20,31.23
336,2025-12-01,95.16
337,2025-11-17,125.34
337,2025-11-03,70.8
337,2025-11-23,67.58
337,2025-12-05,61.33
337,2025-12-15,149.0
337,2025-11-30,142.26
338,2025-12-29,53.82
338,2025-12-06,41.08
338,2025-12-17,115.22
338,2025-12-02,48.06
339,2025-12-24,74.36
340,2025-11-09,109.43
340,2025-12-07,107.7
340,2025-11-23,99.35
340,2025-12-30,65.31
340,2025-12-30,120.85
340,2025-12-17,124.1
340,2025-11-28,55.49
340,2025-11-10,59.93
341,2025-09-29,48.54
341,2025-08-15,92.73
341,2025-10-07,43.91
342,2025-12-31,173.85
342,2025-12-13,432.38
342,2026-01-01,146.77
342,2025-12-18,479.96
342,2025-12-19,338.43
342,2025-12-19,352.9
342,2025-12-28,242.05
342,2025-12-22,237.58
342,2025-12-18,106.07
342,2025-12-15,142.34
342,2025-12-30,326.64
342,2025-12-30,264.34
342,2025-12-23,230.72
342,2025-12-16,133.09
342,2025-12-22,420.39
343,2025-12-28,147.48
343,2025-12-20,334.03
343,2025-12-28,126.89
343,2025-12-17,413.4
343,2025-12-25,112.98
343,2025-12-22,312.92
343,2025-12-21,449.24
343,2025-12-20,327.19
343,2025-12-24,112.71
343,2025-12-18,157.72
343,2025-12-13,110.9
343,2026-01-01,283.17
343,2025-12-25,495.77
343,2026-01-01,201.14
344,2025-11-21,128.83
344,2025-12-16,39.17
344,2025-11-28,72.1
344,2025-12-25,49.0
344,2025-12-16,69.38
344,2025-12-07,48.72
344,2025-11-25,86.0
344,2025-12-19,139.55
345,2025-11-16,46.75
345,2025-12-18,128.83
345,2025-12-06,123.78
345,2025-12-02,66.39
345,2025-11-28,32.01
345,2025-12-28,142.05
345,2025-11-14,80.49
345,2025-11-29,33.92
346,2025-12-27,49.35
346,2025-11-13,146.54
346,2025-12-16,141.37
346,2025-12-19,38.21
346,2025-11-19,43.96
346,2025-12-14,122.83
347,2025-12-16,359.29
347,2025-12-13,320.27
347,2025-12-17,118.71
347,2025-12-16,459.7
347,2025-12-15,142.35
347,2025-12-29,265.27
347,2025-12-19,211.24
347,2025-12-18,258.1
347,2025-12-29,322.53
347,2025-12-17,430.92
347,2025-12-29,267.67
347,2025-12-20,384.05
348,2025-12-18,392.59
348,2025-12-24,225.22
348,2025-12-31,454.47
348,2025-12-21,466.57
348,2025-12-23,226.63
348,2025-12-17,261.28
348,2025-12-23,225.93
348,2025-12-15,370.98
348,2025-12-26,392.6
348,2025-12-22,457.44
348,2025-12-28,103.22
348,2025-12-19,143.05
348,2025-12-27,200.47
348,2025-12-15,199.8
348,2025-12-24,223.39
348,2025-12-13,186.08
348,2025-12-30,431.4
349,2025-08-23,45.95
349,2025-10-13,78.27
349,2025-08-22,88.58
349,2025-11-28,95.74
350,2025-12-22,84.53
350,2025-11-21,33.09
350,2025-11-03,52.94
350,2025-12-19,112.57
350,2025-11-14,66.54
350,2025-12-24,51.74
350,2025-12-14,136.45
350,2025-12-28,66.87
350,2025-12-10,80.06
351,2025-11-07,80.18
351,2025-12-08,125.67
351,2025-11-21,40.1
351,2025-11-05,70.87
351,2025-11-22,36.29
351,2025-11-28,102.29
351,2025-11-29,39.22
352,2025-12-12,143.79
352,2025-12-26,46.26
352,2025-12-31,141.18
352,2025-11-21,141.23
352,2025-11-04,34.73
352,2025-11-14,31.16
352,2025-11-28,33.44
353,2025-11-06,124.48
353,2025-11-16,59.74
353,2025-11-21,100.6
353,2025-12-20,97.95
353,2025-11-09,95.3
353,2025-11-04,94.24
353,2025-12-18,62.58
353,2025-12-26,45.84
354,2025-11-23,41.18
354,2025-12-20,129.88
354,2025-12-16,56.61
354,2025-12-16,57.13
354,2025-12-12,40.51
354,2025-12-07,41.44
354,2025-12-05,36.07
354,2025-11-16,134.48
354,2025-12-03,63.57
355,2025-11-18,134.48
355,2025-11-26,117.3
355,2025-12-18,77.35
355,2025-11-17,96.33
355,2025-12-20,98.64
355,2025-11-26,121.22
355,2025-11-11,95.69
355,2025-12-08,62.18
355,2025-11-27,78.93
356,2025-12-28,430.94
356,2025-12-20,235.01
356,2025-12-31,177.37
356,2025-12-29,454.43
356,2025-12-13,224.76
356,2025-12-24,192.0
356,2025-12-14,359.24
356,2025-12-13,368.95
356,2025-12-13,369.24
356,2025-12-29,142.24
356,2025-12-28,162.53
357,2025-12-11,73.7
358,2025-12-20,149.11
358,2025-11-21,90.55
358,2025-12-29,147.27
358,2025-12-03,72.22
359,2025-07-27,43.16
360,2025-11-04,79.34
360,2025-12-31,104.25
360,2025-12-09,97.71
360,2025-12-17,107.38
361,2026-01-01,151.67
361,2025-12-29,341.28
361,2025-12-18,427.35
361,2025-12-16,455.97
361,2026-01-01,360.84
361,2025-12-23,416.59
361,2025-12-23,446.22
361,2025-12-21,124.4
361,2025-12-22,491.66
361,2025-12-22,485.53
361,2025-12-30,229.73
361,2025-12-23,455.83
361,2025-12-31,406.33
361,2025-12-31,330.14
361,2025-12-13,210.37
361,2025-12-23,376.94
361,2025-12-25,229.53
361,2025-12-24,360.89
361,2025-12-18,123.98
361,2025-12-17,184.93
362,2025-12-22,145.38
362,2025-12-17,236.53
362,2025-12-31,264.55
362,2025-12-24,286.13
362,2025-12-24,349.09
362,2025-12-31,436.81
362,2025-12-26,352.55
362,2026-01-01,369.14
362,2025-12-29,169.86
362,2025-12-31,365.53
362,2025-12-19,259.15
363,2025-07-30,33.27
364,2025-12-23,318.68
364,2025-12-28,340.36
364,2025-12-19,420.08
364,2025-12-21,160.27
364,2025-12-27,385.89
364,2025-12-29,390.74
364,2025-12-17,497.77
364,2026-01-01,435.01
364,2025-12-13,478.37
364,2025-12-30,201.45
364,2025-12-20,208.78
364,2025-12-28,364.73
364,2025-12-25,151.11
364,2025-12-26,106.5
365,2025-10-13,73.2
365,2025-08-13,30.19
365,2025-11-17,30.77
365,2025-11-19,93.94
366,2025-11-29,68.19
366,2025-12-06,78.24
366,2025-11-23,64.59
366,2025-12-19,44.19
366,2025-11-30,31.64
366,2025-11-28,72.79
367,2025-12-10,127.83
367,2025-12-20,144.92
367,2025-11-28,137.85
367,2025-12-04,40.21
367,2025-12-08,76.09
367,2025-12-31,102.86
367,2025-11-03,57.09
367,2025-12-25,41.4
368,2025-12-01,51.23
368,2025-11-16,147.22
368,2025-12-22,93.82
368,2025-12-07,37.9
368,2025-12-13,99.93
368,2026-01-01,68.4
368,2025-11-10,66.69
368,2025-12-16,88.68
368,2025-12-13,111.86
369,2025-11-30,105.89
369,2025-11-28,109.99
369,2025-11-19,113.21
369,2025-11-18,60.81
369,2025-11-24,134.74
370,2025-12-06,104.3
370,2025-12-20,110.84
370,2025-11-06,64.14
370,2025-11-11,89.05
370,2025-11-18,132.0
370,2025-12-14,57.12
370,2025-12-25,145.62
370,2025-11-15,63.87
371,2025-12-05,122.58
371,2025-11-07,36.84
371,2025-11-24,147.06
371,2025-12-18,95.32
371,2025-12-19,35.77
371,2025-11-21,128.41
371,2025-11-25,92.79
372,2025-11-17,101.83
372,2025-11-14,103.64
372,2026-01-01,147.24
372,2025-12-25,99.98
372,2025-11-09,137.24
372,2025-12-26,106.92
372,2025-12-29,52.79
372,2025-12-07,122.45
373,2025-11-10,93.57
373,2025-11-10,67.89
373,2025-11-06,147.02
373,2025-11-09,66.36
373,2025-11-11,111.08
374,2025-12-26,84.5
374,2025-12-22,74.4
374,2025-11-22,60.11
375,2025-12-18,238.25
375,2025-12-14,130.69
375,2025-12-19,164.77
375,2025-12-16,142.53
375,2025-12-19,241.89
375,2025-12-20,146.06
375,2025-12-14,100.07
375,2025-12-18,346.57
375,2025-12-13,258.78
375,2025-12-23,392.2
375,2025-12-16,481.83
375,2025-12-24,172.21
375,2025-12-26,310.1
375,2025-12-15,260.58
375,2025-12-13,218.94
375,2025-12-21,256.7
375,2025-12-31,115.23
375,2025-12-29,183.53
375,2025-12-29,320.95
375,2025-12-15,448.77
376,2025-12-09,126.36
376,2025-11-13,93.6
376,2025-11-20,97.9
376,2025-12-19,47.8
376,2025-12-05,65.56
376,2025-12-17,97.0
376,2025-11-04,81.93
377,2025-11-24,142.75
377,2025-12-07,86.39
377,2025-11-22,129.41
378,2025-12-31,352.04
378,2025-12-29,413.39
378,2025-12-26,371.4
378,2025-12-20,257.65
378,2025-12-21,116.11
378,2025-12-14,306.51
378,2025-12-28,104.2
378,2025-12-23,292.51
378,2025-12-28,414.37
378,2025-12-26,493.01
378,2025-12-21,425.75
378,2026-01-01,326.76
378,2025-12-18,344.15
378,2025-12-26,252.38
378,2025-12-15,339.78
378,2025-12-22,283.73
378,2025-12-27,186.53
378,2026-01-01,434.15
378,2025-12-22,430.54
378,2025-12-15,205.79
379,2025-12-31,129.11
379,2025-12-27,85.93
379,2025-11-08,101.83
379,2025-11-08,59.69
379,2025-12-02,94.93
379,2025-12-05,79.81
379,2025-11-12,105.08
379,2025-12-24,32.52
380,2025-11-21,42.67
381,2025-11-24,49.9
381,2025-07-29,20.99
381,2025-08-24,34.76
382,2025-11-28,36.14
382,2025-11-16,132.58
382,2025-12-04,88.0
382,2025-12-25,62.47
382,2025-11-05,47.44
382,2025-12-29,30.88
382,2025-12-30,38.54
382,2025-12-10,92.45
382,2025-12-30,135.36
383,2025-11-10,35.84
383,2025-12-18,123.34
383,2025-11-29,52.23
383,2025-12-09,92.99
383,2025-11-19,35.47
383,2025-11-20,100.71
383,2025-12-25,65.59
384,2025-12-16,418.59
384,2025-12-19,307.42
384,2025-12-24,166.43
384,2025-12-22,376.29
384,2025-12-28,479.59
384,2025-12-15,471.22
384,2025-12-22,321.89
384,2025-12-15,368.96
384,2025-12-14,232.46
384,2025-12-18,265.47
384,2025-12-13,331.85
384,2025-12-29,170.83
384,2025-12-31,116.57
384,2025-12-25,319.95
384,2025-12-17,145.9
384,2025-12-20,194.77
384,2025-12-13,171.61
384,2025-12-18,183.11
385,2025-11-13,69.84
385,2025-12-21,38.73
385,2025-11-13,105.33
385,2025-11-08,123.89
385,2025-11-28,68.99
385,2025-12-07,134.92
385,2025-11-09,117.63
386,2025-11-12,118.76
386,2025-12-11,51.71
386,2025-11-09,53.37
387,2025-10-02,78.52
387,2025-11-30,86.61
387,2025-09-01,25.44
387,2025-08-29,24.77
388,2025-08-28,53.27
388,2025-10-14,74.06
389,2025-11-09,24.73
389,2025-12-05,74.04
389,2025-07-13,30.64
389,2025-10-09,54.72
390,2026-01-01,241.75
390,2025-12-14,367.69
390,2025-12-22,380.29
390,2025-12-20,337.51
390,2025-12-18,164.58
390,2025-12-26,321.39
390,2025-12-20,189.84
390,2025-12-14,431.0
390,2025-12-14,241.93
390,2025-12-15,117.33
390,2025-12-27,232.22
390,2025-12-20,264.96
390,2025-12-25,344.04
390,2025-12-20,276.22
390,2025-12-13,204.53
390,2025-12-16,377.61
390,2025-12-31,215.27
390,2025-12-15,266.21
391,2025-12-20,62.75
392,2025-12-25,151.44
392,2025-12-30,124.36
392,2025-12-14,350.27
392,2025-12-16,244.66
392,2025-12-20,201.45
392,2026-01-01,178.52
392,2025-12-20,297.81
392,2025-12-22,335.24
392,2025-12-17,338.78
392,2025-12-14,423.36
392,2025-12-17,218.3
393,2025-12-14,49.75
393,2025-12-17,53.84
393,2025-11-08,76.17
393,2025-12-08,96.62
394,2025-12-27,103.85
394,2025-11-15,51.28
394,2025-12-02,50.62
394,2025-12-03,115.79
395,2025-12-24,102.58
395,2025-12-29,107.93
395,2025-12-24,67.06
395,2025-12-07,141.93
395,2025-12-17,69.93
395,2025-11-06,136.34
396,2025-12-18,109.56
396,2025-12-31,127.93
396,2025-12-29,149.63
396,2025-12-23,55.01
396,2025-11-22,135.57
396,2025-11-15,68.37
397,2025-12-22,188.26
397,2025-12-23,443.64
397,2025-12-20,369.96
397,2025-12-23,464.69
397,2025-12-24,404.0
397,2025-12-31,372.19
397,2025-12-26,490.62
397,2025-12-26,133.49
397,2025-12-19,249.58
397,2025-12-28,406.34
397,2025-12-15,231.42
397,2025-12-16,172.98
397,2025-12-20,271.27
397,2025-12-23,390.44
398,2025-12-15,54.79
398,2025-12-13,119.43
398,2025-12-14,77.79
398,2025-11-03,62.3
398,2025-11-16,140.58
399,2025-10-26,83.6
400,2025-11-08,47.18
400,2025-12-14,144.76
400,2025-12-26,33.07
400,2025-11-14,37.49
400,2025-11-16,62.09
401,2025-10-14,84.71
401,2025-11-21,63.67
402,2025-12-26,70.72
403,2025-12-27,75.23
404,2025-12-20,36.33
405,2025-12-22,304.23
405,2025-12-14,222.42
405,2025-12-30,170.85
405,2025-12-19,278.16
405,2025-12-17,231.53
405,2025-12-26,400.73
405,2025-12-25,448.5
405,2025-12-17,225.17
405,2025-12-26,152.67
405,2026-01-01,339.14
405,2025-12-25,371.09
405,2025-12-29,349.99
405,2025-12-30,167.54
405,2025-12-25,443.87
405,2026-01-01,290.19
405,2025-12-27,135.26
405,2025-12-24,428.22
406,2025-07-08,52.14
407,2025-12-16,85.31
407,2025-12-28,147.75
407,2025-12-30,115.13
407,2025-11-28,130.66
407,2025-11-15,113.64
408,2025-11-03,117.04
408,2025-12-10,103.44
408,2025-11-09,136.37
409,2025-12-18,445.0
409,2025-12-25,378.07
409,2025-12-18,445.39
409,2025-12-31,410.2
409,2025-12-13,317.7
409,2026-01-01,122.46
409,2025-12-18,242.88
409,2025-12-31,166.98
409,2025-12-26,451.97
409,2025-12-27,125.25
409,2025-12-31,129.35
409,2025-12-19,447.67
409,2025-12-13,268.88
409,2025-12-30,458.02
409,2025-12-15,359.5
410,2025-12-17,60.8
410,2025-12-31,141.7
410,2025-11-24,68.5
411,2025-12-08,82.23
411,2025-12-13,30.2
411,2025-11-12,36.57
411,2025-11-23,87.44
411,2025-11-21,56.36
411,2025-12-24,96.46
411,2025-12-11,131.27
411,2025-12-11,128.67
411,2025-12-04,44.44
412,2025-12-26,471.52
412,2026-01-01,382.23
412,2025-12-29,304.96
412,2025-12-15,129.2
412,2026-01-01,387.49
412,2025-12-24,399.75
412,2025-12-27,143.21
412,2025-12-31,121.53
412,2025-12-23,209.8
412,2025-12-16,256.72
412,2025-12-15,280.88
413,2025-11-24,85.21
413,2025-10-15,81.85
413,2025-12-03,82.24
414,2025-12-26,87.99
414,2025-11-21,97.49
414,2025-12-27,59.83
414,2026-01-01,136.38
414,2025-11-14,132.9
415,2025-12-19,443.5
415,2025-12-18,261.39
415,2025-12-14,148.75
415,2025-12-27,234.93
415,2025-12-27,496.76
415,2025-12-16,154.81
415,2025-12-18,173.97
415,2025-12-30,245.31
415,2025-12-22,462.12
415,2025-12-14,232.06
415,2025-12-31,436.0
415,2025-12-17,383.56
415,2025-12-16,225.85
415,2025-12-18,413.26
416,2025-12-14,230.51
416,2025-12-31,463.77
416,2026-01-01,428.5
416,2025-12-27,131.14
416,2025-12-14,290.61
416,2025-12-17,167.52
416,2025-12-25,184.91
416,2026-01-01,434.57
416,2025-12-22,105.75
416,2025-12-26,179.69
416,2025-12-26,301.48
416,2025-12-31,250.82
416,2025-12-29,401.81
416,2025-12-17,163.95
416,2025-12-14,380.37
416,2025-12-15,224.12
416,2025-12-28,431.93
417,2025-10-10,73.07
418,2025-12-27,417.25
418,2025-12-27,265.41
418,2025-12-20,482.26
418,2025-12-21,487.85
418,2026-01-01,117.24
418,2025-12-20,441.17
418,2025-12-28,156.48
418,2026-01-01,303.26
418,2025-12-27,252.65
418,2025-12-19,291.26
418,2025-12-30,351.07
418,2025-12-31,280.11
418,2025-12-24,467.06
418,2025-12-30,430.38
418,2025-12-15,469.63
418,2025-12-24,233.92
418,2025-12-19,368.56
418,2025-12-27,242.38
418,2025-12-26,429.92
419,2025-08-29,39.35
420,2025-11-16,65.99
420,2025-12-21,102.11
420,2025-11-22,93.13
420,2025-12-06,115.52
420,2025-11-17,86.56
421,2025-11-27,92.08
421,2025-12-20,71.15
421,2025-12-10,79.48
421,2025-12-07,67.93
421,2025-12-23,117.03
421,2025-11-15,58.9
421,2025-11-25,54.26
421,2025-12-09,47.66
421,2025-11-07,95.28
422,2025-12-31,77.67
422,2025-11-03,44.79
422,2025-12-24,71.14
423,2025-12-17,332.63
423,2025-12-22,196.09
423,2025-12-15,453.79
423,2025-12-23,313.82
423,2025-12-15,391.55
423,2025-12-13,466.6
423,2025-12-15,180.51
423,2025-12-19,403.93
423,2025-12-29,480.82
423,2025-12-13,333.25
423,2025-12-18,452.36
424,2025-12-18,186.63
424,2025-12-14,134.84
424,2025-12-19,484.62
424,2025-12-15,431.75
424,2025-12-30,240.66
424,2025-12-23,321.42
424,2025-12-21,404.87
424,2025-12-16,224.88
424,2025-12-30,273.48
424,2025-12-30,494.31
424,2025-12-29,476.4
424,2025-12-26,235.69
424,2025-12-29,422.04
424,2026-01-01,120.51
424,2025-12-23,125.0
424,2025-12-17,280.14
424,2025-12-26,242.79
424,2025-12-17,292.12
424,2025-12-26,399.75
424,2025-12-22,145.14
425,2025-12-07,33.22
425,2025-12-13,55.92
425,2025-11-11,93.76
426,2025-12-19,126.67
426,2025-11-14,137.75
426,2025-11-19,94.28
426,2025-12-19,60.26
427,2025-12-12,54.72
427,2025-11-27,36.45
427,2025-11-21,147.27
427,2025-12-18,70.04
428,2025-12-31,48.38
428,2025-11-04,142.65
428,2025-11-08,117.75
428,2025-12-31,132.67
428,2025-12-19,98.83
428,2025-11-29,142.41
429,2025-11-27,44.33
429,2025-12-21,131.05
429,2025-11-09,101.68
429,2025-11-12,53.01
429,2025-12-01,132.55
429,2025-12-27,54.84
429,2025-11-10,40.58
430,2025-10-25,34.55
430,2025-08-24,33.24
430,2025-12-10,83.12
431,2025-12-27,184.7
431,2025-12-25,228.83
431,2025-12-22,381.73
431,2025-12-23,366.77
431,2025-12-30,222.51
431,2025-12-19,378.48
431,2025-12-27,311.04
431,2025-12-19,312.89
431,2025-12-23,390.43
431,2025-12-16,416.76
431,2025-12-14,292.91
431,2025-12-26,340.23
432,2025-12-12,104.06
432,2025-12-29,99.92
432,2025-12-14,140.71
432,2025-12-16,116.54
433,2025-11-12,88.47
433,2025-11-06,102.3
433,2025-12-24,78.95
433,2025-11-05,70.13
433,2025-11-10,117.36
433,2025-12-12,126.62
433,2025-12-25,122.93
434,2025-12-19,132.72
434,2025-11-13,63.21
434,2025-12-12,46.42
434,2025-12-03,141.94
434,2025-12-09,76.54
434,2025-12-24,69.35
434,2025-11-25,130.37
435,2025-12-27,36.86
436,2025-12-23,18.23
437,2025-08-03,45.97
437,2025-09-04,97.8
438,2025-11-06,58.39
438,2025-12-09,87.05
438,2025-12-15,38.99
438,2025-11-06,84.82
438,2025-12-21,58.78
438,2025-12-06,60.64
438,2025-11-06,122.25
439,2025-12-22,416.77
439,2025-12-13,269.98
439,2025-12-26,275.16
439,2025-12-31,204.96
439,2026-01-01,257.3
439,2025-12-13,279.63
439,2025-12-15,238.48
439,2025-12-15,232.97
439,2025-12-25,142.65
439,2025-12-21,192.54
439,2025-12-13,497.31
439,2025-12-31,488.03
439,2025-12-29,306.65
439,2025-12-20,380.35
439,2025-12-29,439.27
439,2025-12-15,282.26
439,2025-12-14,180.59
439,2025-12-17,227.22
439,2025-12-31,122.49
440,2025-11-15,103.24
440,2025-12-03,37.67
440,2025-12-14,71.19
441,2025-12-22,21.65
442,2025-09-16,97.09
442,2025-10-17,88.85
443,2025-08-20,94.61
443,2025-10-06,47.67
443,2025-08-04,66.54
444,2025-12-18,90.39
444,2025-12-28,35.36
444,2025-11-11,69.88
444,2025-09-14,44.78
445,2025-12-26,121.25
445,2025-12-01,65.76
445,2025-12-18,52.09
445,2025-12-12,74.76
445,2025-12-29,57.09
445,2025-12-07,143.31
445,2025-12-10,69.14
445,2025-11-15,60.3
445,2025-11-14,148.16
446,2025-11-04,54.42
446,2025-12-29,130.63
446,2025-12-02,32.52
446,2025-12-08,31.05
446,2025-12-07,128.0
446,2025-11-15,34.49
446,2025-12-24,94.6
446,2025-11-09,106.15
446,2025-12-05,129.55
447,2025-12-20,278.11
447,2025-12-20,370.65
447,2025-12-19,139.69
447,2025-12-27,210.23
447,2026-01-01,186.06
447,2025-12-24,406.13
447,2025-12-14,181.92
447,2025-12-18,395.42
447,2025-12-28,259.65
447,2025-12-14,181.4
447,2025-12-29,467.41
448,2025-12-21,195.61
448,2025-12-28,273.81
448,2025-12-15,396.35
448,2025-12-31,402.48
448,2025-12-29,295.69
448,2025-12-20,197.02
448,2025-12-23,469.72
448,2025-12-13,219.97
448,2025-12-23,247.74
448,2025-12-16,259.99
448,2025-12-30,330.89
448,2025-12-26,106.66
448,2025-12-27,418.26
449,2025-12-24,334.12
449,2025-12-31,473.59
449,2025-12-25,364.54
449,2025-12-18,247.3
449,2025-12-25,224.29
449,2025-12-22,300.78
449,2025-12-16,386.9
449,2025-12-17,314.46
449,2025-12-20,445.75
449,2025-12-29,475.55
449,2025-12-21,290.19
449,2025-12-30,378.87
449,2025-12-15,445.18
449,2025-12-16,144.46
449,2025-12-29,451.1
449,2025-12-13,121.84
449,2025-12-17,305.05
449,2025-12-18,301.1
449,2025-12-28,443.14
449,2025-12-20,177.07
450,2025-12-13,412.02
450,2025-12-20,180.56
450,2025-12-21,130.12
450,2025-12-31,428.22
450,2025-12-23,282.69
450,2025-12-24,171.67
450,2025-12-28,280.09
450,2025-12-23,383.87
450,2025-12-14,308.62
450,2026-01-01,388.18
450,2025-12-26,354.36
450,2025-12-16,108.74
450,2025-12-28,107.78
451,2025-11-23,81.4
451,2025-12-14,124.02
451,2025-11-30,43.43
451,2025-11-07,137.2
451,2025-12-04,125.04
451,2025-11-27,87.24
452,2025-11-06,137.27
452,2025-11-05,88.49
452,2025-12-05,141.23
452,2025-11-07,141.72
452,2025-11-11,84.34
452,2025-11-09,136.85
452,2025-12-28,47.14
452,2025-12-15,68.92
453,2025-12-30,41.32
454,2025-12-30,68.34
455,2025-12-08,82.75
455,2025-11-25,37.67
455,2025-12-13,67.97
455,2025-11-18,134.36
455,2025-11-07,145.99
456,2025-12-30,31.82
457,2025-12-16,105.03
457,2025-12-14,143.8
457,2025-12-26,98.42
458,2025-12-13,83.06
458,2025-12-06,40.61
458,2025-10-31,75.07
459,2025-07-19,89.37
460,2025-12-26,49.67
461,2025-12-29,147.29
461,2025-12-28,36.93
461,2025-12-29,102.39
461,2025-12-24,62.6
461,2025-12-09,113.4
461,2025-12-15,40.87
461,2025-12-14,103.36
462,2025-11-28,31.64
462,2026-01-01,71.64
462,2025-11-03,58.76
462,2025-12-05,88.1
462,2025-11-28,99.18
463,2025-12-13,58.59
463,2025-11-14,120.07
463,2025-12-23,61.3
463,2025-11-04,52.25
463,2025-11-24,91.33
463,2025-12-15,131.38
464,2025-12-26,449.01
464,2025-12-15,447.19
464,2025-12-31,248.82
464,2025-12-15,152.56
464,2025-12-24,446.82
464,2025-12-19,149.77
464,2025-12-14,483.26
464,2025-12-28,305.58
464,2025-12-29,434.98
464,2025-12-21,164.25
464,2025-12-19,375.11
465,2025-11-25,42.77
465,2025-12-18,76.35
465,2026-01-01,119.68
465,2025-12-02,88.92
465,2025-12-28,115.34
465,2025-11-21,67.14
466,2025-12-31,65.66
467,2025-11-05,124.36
467,2025-12-26,111.75
467,2025-12-02,131.99
467,2025-11-04,40.63
467,2025-11-08,30.93
467,2025-11-13,101.54
468,2025-07-24,87.33
468,2025-10-16,85.18
469,2025-12-30,46.05
469,2025-12-23,44.28
469,2025-12-21,88.03
469,2025-12-16,104.43
469,2025-11-07,135.32
470,2025-12-16,208.46
470,2025-12-14,264.46
470,2025-12-23,102.96
470,2025-12-20,246.67
470,2025-12-27,490.58
470,2025-12-30,420.06
470,2025-12-28,127.21
470,2025-12-30,206.72
470,2025-12-21,272.89
470,2025-12-20,443.33
470,2025-12-19,105.04
470,2025-12-27,374.89
470,2025-12-25,192.96
470,2025-12-16,380.63
470,2025-12-20,263.67
470,2025-12-13,170.41
470,2025-12-18,154.82
471,2025-12-21,44.01
472,2025-09-21,98.99
472,2025-11-22,28.35
472,2025-12-21,62.52
472,2025-09-27,51.74
473,2025-11-28,86.93
473,2025-12-28,92.19
473,2025-12-26,50.9
473,2025-12-23,105.81
473,2025-11-29,83.36
473,2025-12-02,57.94
473,2025-12-26,65.57
474,2025-12-18,47.77
475,2025-12-17,85.68
475,2025-12-26,65.75
475,2025-11-18,134.12
475,2025-12-10,42.75
476,2025-10-10,29.12
476,2025-09-11,86.75
477,2025-11-30,85.0
477,2025-11-16,60.22
477,2025-12-15,106.68
477,2025-11-10,133.94
477,2025-11-12,65.12
477,2025-12-23,61.81
478,2025-12-15,56.44
478,2025-12-17,42.52
478,2025-11-28,88.63
478,2025-12-31,93.38
478,2025-11-22,62.06
478,2025-12-28,107.95
479,2025-12-20,63.25
480,2025-11-05,69.72
480,2025-08-01,40.6
481,2025-12-27,254.68
481,2025-12-31,487.8
481,2025-12-17,145.0
481,2025-12-24,472.94
481,2025-12-14,274.7
481,2025-12-30,415.64
481,2025-12-13,361.69
481,2025-12-27,378.68
481,2026-01-01,434.55
481,2025-12-27,490.24
481,2025-12-29,428.74
481,2025-12-15,451.73
481,2025-12-30,315.68
481,2025-12-26,407.15
482,2025-11-12,27.76
482,2025-08-29,76.12
482,2025-10-25,88.67
482,2025-07-24,57.52
483,2025-12-23,32.89
484,2025-11-14,70.59
484,2025-11-15,73.21
484,2025-12-23,109.42
484,2025-12-07,111.9
484,2025-11-18,113.94
484,2025-11-19,36.85
484,2025-12-28,45.03
485,2025-08-11,67.81
486,2025-12-18,78.23
487,2025-12-22,20.0
488,2025-10-04,39.57
488,2025-09-22,87.11
489,2025-12-25,44.0
490,2025-12-12,40.34
490,2025-10-09,80.8
491,2025-12-19,275.22
491,2025-12-17,333.01
491,2025-12-23,332.97
491,2025-12-17,447.85
491,2025-12-20,173.7
491,2025-12-26,335.12
491,2025-12-25,149.95
491,2025-12-27,119.6
491,2025-12-27,181.14
491,2026-01-01,316.55
491,2025-12-20,110.64
491,2025-12-14,204.16
491,2025-12-25,396.67
491,2025-12-28,457.25
491,2025-12-23,240.99
491,2025-12-19,222.33
491,2025-12-24,443.44
491,2026-01-01,130.96
491,2025-12-23,173.64
492,2025-12-27,331.5
492,2025-12-27,410.76
492,2025-12-15,433.78
492,2025-12-21,369.13
492,2025-12-13,440.34
492,2025-12-17,219.98
492,2026-01-01,225.66
492,2026-01-01,113.2
492,2025-12-20,331.92
492,2025-12-18,415.57
492,2025-12-22,187.09
492,2025-12-21,119.23
493,2025-12-23,121.08
493,2025-12-05,56.67
493,2025-11-23,47.59
493,2025-12-16,60.41
493,2025-12-18,48.81
493,2025-11-06,72.09
493,2026-01-01,120.58
493,2025-11-12,139.4
493,2025-12-28,78.66
494,2025-12-31,78.96
495,2025-12-31,51.7
496,2025-12-21,61.88
496,2025-12-07,53.6
496,2025-11-15,108.79
496,2025-11-22,103.64
496,2025-12-01,146.2
497,2025-12-01,111.22
497,2026-01-01,86.29
497,2025-11-28,66.45
497,2025-11-09,70.28
497,2025-11-08,42.56
497,2025-11-05,91.59
498,2025-12-22,393.46
498,2025-12-28,139.04
498,2025-12-29,134.71
498,2025-12-13,428.59
498,2025-12-15,149.85
498,2025-12-15,314.91
498,2025-12-29,373.07
498,2025-12-26,107.07
498,2025-12-16,456.39
498,2025-12-14,432.96
498,2025-12-19,236.7
498,2025-12-31,376.71
499,2025-09-27,98.85
499,2025-09-21,30.54
499,2025-07-07,83.88
500,2025-12-28,426.84
500,2025-12-29,352.25
500,2025-12-26,187.1
500,2025-12-21,224.15
500,2025-12-16,139.34
500,2025-12-23,476.2
500,2025-12-28,449.9
500,2025-12-24,349.65
500,2025-12-29,126.91
500,2025-12-24,208.57
500,2025-12-15,388.42
500,2025-12-18,226.29
